<?xml version="1.0" encoding="utf-8" ?>
<Defs>
   <HediffDef>
    <defName>MechanoidOverheat</defName>
    <defaultLabelColor>(0.8, 0.42, 0.04)</defaultLabelColor>
    <label>overheating</label>
	<maxSeverity>1.0</maxSeverity>
    <stages>
      <li>
        <label>initial</label>
        <becomeVisible>false</becomeVisible>
      </li>
      <li>
        <label>minor</label>
	    <minSeverity>0.01</minSeverity>
		<hediffGivers>
          <li Class="HediffGiver_Random">
            <hediff>FriedPart</hediff>
            <mtbDays>0.50</mtbDays>
			<partsToAffect>
			  <li>MechanicalLeg</li>
			  <li>MechanicalFinger</li>
			  <li>MechanicalHand</li>
			  <li>MechanicalArm</li>
			  <li>MechanicalShoulder</li>
			  <li>SmellSensor</li>
			  <li>HearingSensor</li>
			  <li>SightSensor</li>
			  <li>Reactor</li>
			  <li>FluidReprocessor</li>
			  <li>ArtificialBrain</li>
			  <li>MechanicalFoot</li>
			  <li>Blade</li>
			  <li>MechanicalThorax</li>
			  <li>MechanicalCentipedeBodyFirstRing</li>
			  <li>MechanicalCentipedeBodySecondRing</li>
			  <li>MechanicalCentipedeBodyThirdRing</li>
			  <li>MechanicalCentipedeBodyFourthRing</li>
			  <li>MechanicalCentipedeBodyFifthRing</li>
			  <li>MechanicalCentipedeBodySixthRing</li>
            </partsToAffect>			
          </li>
        </hediffGivers>
      </li>
      <li>
        <label>serious</label>
        <minSeverity>0.35</minSeverity>
		<hediffGivers>
          <li Class="HediffGiver_Random">
            <hediff>FriedPart</hediff>
            <mtbDays>0.15</mtbDays>
			<partsToAffect>
			  <li>MechanicalLeg</li>
			  <li>MechanicalFinger</li>
			  <li>MechanicalHand</li>
			  <li>MechanicalArm</li>
			  <li>MechanicalShoulder</li>
			  <li>SmellSensor</li>
			  <li>HearingSensor</li>
			  <li>SightSensor</li>
			  <li>Reactor</li>
			  <li>FluidReprocessor</li>
			  <li>ArtificialBrain</li>
			  <li>MechanicalFoot</li>
			  <li>Blade</li>
			  <li>MechanicalThorax</li>
			  <li>MechanicalCentipedeBodyFirstRing</li>
			  <li>MechanicalCentipedeBodySecondRing</li>
			  <li>MechanicalCentipedeBodyThirdRing</li>
			  <li>MechanicalCentipedeBodyFourthRing</li>
			  <li>MechanicalCentipedeBodyFifthRing</li>
			  <li>MechanicalCentipedeBodySixthRing</li>
            </partsToAffect>			
          </li>
        </hediffGivers>
      </li>
      <li>
        <label>extreme</label>
        <minSeverity>0.62</minSeverity>
		<hediffGivers>
          <li Class="HediffGiver_Random">
            <hediff>FriedPart</hediff>
            <mtbDays>0.01</mtbDays>
			<partsToAffect>
			  <li>MechanicalLeg</li>
			  <li>MechanicalFinger</li>
			  <li>MechanicalHand</li>
			  <li>MechanicalArm</li>
			  <li>MechanicalShoulder</li>
			  <li>SmellSensor</li>
			  <li>HearingSensor</li>
			  <li>SightSensor</li>
			  <li>Reactor</li>
			  <li>FluidReprocessor</li>
			  <li>ArtificialBrain</li>
			  <li>MechanicalFoot</li>
			  <li>Blade</li>
			  <li>MechanicalThorax</li>
			  <li>MechanicalCentipedeBodyFirstRing</li>
			  <li>MechanicalCentipedeBodySecondRing</li>
			  <li>MechanicalCentipedeBodyThirdRing</li>
			  <li>MechanicalCentipedeBodyFourthRing</li>
			  <li>MechanicalCentipedeBodyFifthRing</li>
			  <li>MechanicalCentipedeBodySixthRing</li>
            </partsToAffect>			
          </li>
        </hediffGivers>	
      </li>
    </stages>
  </HediffDef>
  
    <HediffDef>
    <defName>MechanoidFreeze</defName>
    <defaultLabelColor>(0.07, 0.64, 0.57)</defaultLabelColor>
    <label>freezing</label>
    <stages>
      <li>
        <label>minor</label>
        <becomeVisible>false</becomeVisible>
      </li>
      <li>
        <label>minor</label>
        <minSeverity>0.01</minSeverity>
		<hediffGivers>
          <li Class="HediffGiver_Random">
            <hediff>BrokenDown</hediff>
            <mtbDays>1</mtbDays>
			<partsToAffect>
			  <li>MechanicalLeg</li>
			  <li>MechanicalFinger</li>
			  <li>MechanicalHand</li>
			  <li>MechanicalArm</li>
			  <li>MechanicalShoulder</li>
			  <li>SmellSensor</li>
			  <li>HearingSensor</li>
			  <li>SightSensor</li>
			  <li>Reactor</li>
			  <li>FluidReprocessor</li>
			  <li>ArtificialBrain</li>
			  <li>MechanicalFoot</li>
			  <li>Blade</li>
			  <li>MechanicalThorax</li>
			  <li>MechanicalCentipedeBodyFirstRing</li>
			  <li>MechanicalCentipedeBodySecondRing</li>
			  <li>MechanicalCentipedeBodyThirdRing</li>
			  <li>MechanicalCentipedeBodyFourthRing</li>
			  <li>MechanicalCentipedeBodyFifthRing</li>
			  <li>MechanicalCentipedeBodySixthRing</li>
            </partsToAffect>			
          </li>
        </hediffGivers>	
      </li>
      <li>
        <label>serious</label>
        <minSeverity>0.35</minSeverity>
		<hediffGivers>
          <li Class="HediffGiver_Random">
            <hediff>BrokenDown</hediff>
            <mtbDays>0.15</mtbDays>
			<partsToAffect>
			  <li>MechanicalLeg</li>
			  <li>MechanicalFinger</li>
			  <li>MechanicalHand</li>
			  <li>MechanicalArm</li>
			  <li>MechanicalShoulder</li>
			  <li>SmellSensor</li>
			  <li>HearingSensor</li>
			  <li>SightSensor</li>
			  <li>Reactor</li>
			  <li>FluidReprocessor</li>
			  <li>ArtificialBrain</li>
			  <li>MechanicalFoot</li>
			  <li>Blade</li>
			  <li>MechanicalThorax</li>
			  <li>MechanicalCentipedeBodyFirstRing</li>
			  <li>MechanicalCentipedeBodySecondRing</li>
			  <li>MechanicalCentipedeBodyThirdRing</li>
			  <li>MechanicalCentipedeBodyFourthRing</li>
			  <li>MechanicalCentipedeBodyFifthRing</li>
			  <li>MechanicalCentipedeBodySixthRing</li>
            </partsToAffect>			
          </li>
        </hediffGivers>	
      </li>
      <li>
        <label>extreme</label>
        <minSeverity>0.62</minSeverity>
		<hediffGivers>
          <li Class="HediffGiver_Random">
            <hediff>BrokenDown</hediff>
            <mtbDays>0.01</mtbDays>
			<partsToAffect>
			  <li>MechanicalLeg</li>
			  <li>MechanicalFinger</li>
			  <li>MechanicalHand</li>
			  <li>MechanicalArm</li>
			  <li>MechanicalShoulder</li>
			  <li>SmellSensor</li>
			  <li>HearingSensor</li>
			  <li>SightSensor</li>
			  <li>Reactor</li>
			  <li>FluidReprocessor</li>
			  <li>ArtificialBrain</li>
			  <li>MechanicalFoot</li>
			  <li>Blade</li>
			  <li>MechanicalThorax</li>
			  <li>MechanicalCentipedeBodyFirstRing</li>
			  <li>MechanicalCentipedeBodySecondRing</li>
			  <li>MechanicalCentipedeBodyThirdRing</li>
			  <li>MechanicalCentipedeBodyFourthRing</li>
			  <li>MechanicalCentipedeBodyFifthRing</li>
			  <li>MechanicalCentipedeBodySixthRing</li>
            </partsToAffect>		
          </li>
        </hediffGivers>
      </li>
    </stages>
  </HediffDef>
  
  	<HediffDef>
		<defName>FriedPart</defName>
		<label>fried</label>
        <defaultLabelColor>(0.8, 0.42, 0.04)</defaultLabelColor>
		<stages>
			<li>
				<partEfficiencyOffset>-1.0</partEfficiencyOffset>
			</li>
		</stages>
	</HediffDef>
	
		<HediffDef>
		<defName>BrokenDown</defName>
		<label>broke down</label>
        <defaultLabelColor>(0.07, 0.64, 0.57)</defaultLabelColor>
		<stages>
			<li>
				<partEfficiencyOffset>-1.0</partEfficiencyOffset>
			</li>
		</stages>
	</HediffDef>
  
</Defs>